file,date_proxy,outcome,model,eligible_group_trials,mse,rho,integrated_error,peak_error
12142022_cell1_map_EtoE_A_cmFormat.mat,12142022,pscs_demixed,power_only,6300,1.4839518752648683e-05,0.41143982788004474,0.08625785091333445,0.006439206713379454
12142022_cell1_map_EtoE_A_cmFormat.mat,12142022,pscs_demixed,gain_only,6300,1.4040654032290473e-05,0.41143982788004474,0.08409635862594557,0.006223341265871239
12142022_cell1_map_EtoE_A_cmFormat.mat,12142022,pscs_demixed,gain_latency,6300,1.4001324230215034e-05,0.4117532434236182,0.08429943392850407,0.006170556540200417
12142022_cell1_map_EtoE_A_cmFormat.mat,12142022,pscs_demixed,full_waveform,6300,1.3965637929232957e-05,0.41345870540690693,0.08398431643673067,0.00626307524091238
12142022_cell1_map_EtoE_A_cmFormat.mat,12142022,pscs,power_only,6300,1.9688607888926284e-05,0.1596914703599522,0.07858536918946066,0.009388910529652753
12142022_cell1_map_EtoE_A_cmFormat.mat,12142022,pscs,gain_only,6300,1.8555083312621468e-05,0.15969147035995224,0.07589691568054516,0.009169394985791378
12142022_cell1_map_EtoE_A_cmFormat.mat,12142022,pscs,gain_latency,6300,1.8386535745484027e-05,0.16735997830053156,0.0758015516858107,0.009236820302262892
12142022_cell1_map_EtoE_A_cmFormat.mat,12142022,pscs,full_waveform,6300,1.8296921912849144e-05,0.16784375070256097,0.07518016248810483,0.009245585991139364
12142022_cell2_map_EtoE_A_cmFormat.mat,12142022,pscs_demixed,power_only,5980,5.8219770937564295e-05,0.35750998945422635,0.16673686263316953,0.012609775105794424
12142022_cell2_map_EtoE_A_cmFormat.mat,12142022,pscs_demixed,gain_only,5980,5.505269900188652e-05,0.35750998945422635,0.16051701266325655,0.011993590480412588
12142022_cell2_map_EtoE_A_cmFormat.mat,12142022,pscs_demixed,gain_latency,5980,5.5009410076149356e-05,0.35835657947957794,0.161199807313503,0.011913897572821677
12142022_cell2_map_EtoE_A_cmFormat.mat,12142022,pscs_demixed,full_waveform,5980,5.4699260059946484e-05,0.36180172396172045,0.1605723517481448,0.01213646312208071
12142022_cell2_map_EtoE_A_cmFormat.mat,12142022,pscs,power_only,5980,0.00043993781632423493,0.2531728690591654,0.3135403819712701,0.029565873933168476
12142022_cell2_map_EtoE_A_cmFormat.mat,12142022,pscs,gain_only,5980,0.0003234543719898866,0.25311905719231514,0.24751199679979596,0.026507025160664763
12142022_cell2_map_EtoE_A_cmFormat.mat,12142022,pscs,gain_latency,5980,0.0003215859113978933,0.26040785772053765,0.24836423645215228,0.02640378901795781
12142022_cell2_map_EtoE_A_cmFormat.mat,12142022,pscs,full_waveform,5980,0.0002831562276642338,0.2793244361322474,0.24524306702212492,0.025500822623780523
12142022_cell3_map_EtoE_A_cmFormat.mat,12142022,pscs_demixed,power_only,6600,8.677775858084168e-05,0.4375224789796054,0.2185562287178658,0.01611386928586798
12142022_cell3_map_EtoE_A_cmFormat.mat,12142022,pscs_demixed,gain_only,6600,8.506488608070757e-05,0.4375224789796054,0.215684570411351,0.01578741794203953
12142022_cell3_map_EtoE_A_cmFormat.mat,12142022,pscs_demixed,gain_latency,6600,8.496834494762785e-05,0.4382049030947894,0.21639808861291682,0.015717265193625516
12142022_cell3_map_EtoE_A_cmFormat.mat,12142022,pscs_demixed,full_waveform,6600,8.496159823919195e-05,0.4389633549767402,0.21564656634229432,0.01584822839019142
12142022_cell3_map_EtoE_A_cmFormat.mat,12142022,pscs,power_only,6600,0.0001093215732060632,0.09969468414866378,0.22909451840443443,0.017736049440715426
12142022_cell3_map_EtoE_A_cmFormat.mat,12142022,pscs,gain_only,6600,0.0001087153484432298,0.0996946841486638,0.22868550064170204,0.017653736043660755
12142022_cell3_map_EtoE_A_cmFormat.mat,12142022,pscs,gain_latency,6600,0.00010861365036954928,0.10101730989692033,0.2285720523139132,0.017658168927632
12142022_cell3_map_EtoE_A_cmFormat.mat,12142022,pscs,full_waveform,6600,0.0001084381392834871,0.09611194073197883,0.2281523681395651,0.01773465032118919
12142022_cell4_map_EtoE_A_cmFormat.mat,12142022,pscs_demixed,power_only,8280,2.6174524601264407e-05,0.38644014394258736,0.09046108805689226,0.0085062972520518
12142022_cell4_map_EtoE_A_cmFormat.mat,12142022,pscs_demixed,gain_only,8280,2.2427929765987966e-05,0.38644014394258736,0.08309925341342686,0.007830847494421754
12142022_cell4_map_EtoE_A_cmFormat.mat,12142022,pscs_demixed,gain_latency,8280,2.2369781797682357e-05,0.3867699484735475,0.08357965142176095,0.007771777089189808
12142022_cell4_map_EtoE_A_cmFormat.mat,12142022,pscs_demixed,full_waveform,8280,2.197883265559783e-05,0.38806707751487846,0.08342321057726876,0.007788259518522597
12142022_cell4_map_EtoE_A_cmFormat.mat,12142022,pscs,power_only,8280,0.0001422469067798493,0.22210003392812575,0.17940793010774436,0.018223141425152068
12142022_cell4_map_EtoE_A_cmFormat.mat,12142022,pscs,gain_only,8280,9.650903769551607e-05,0.2221487951409635,0.14215750604219446,0.016178645894393752
12142022_cell4_map_EtoE_A_cmFormat.mat,12142022,pscs,gain_latency,8280,9.201280863469085e-05,0.23746530612149622,0.1421882032575801,0.01598897249701274
12142022_cell4_map_EtoE_A_cmFormat.mat,12142022,pscs,full_waveform,8280,8.562707593592309e-05,0.20143854131966457,0.14057194424896285,0.01559320819576515
12142022_cell7_map_EtoE_A_cmFormat.mat,12142022,pscs_demixed,power_only,4880,2.5963532924297735e-05,0.3816354030211907,0.08984634582639436,0.007058861488613872
12142022_cell7_map_EtoE_A_cmFormat.mat,12142022,pscs_demixed,gain_only,4880,1.7261165040765752e-05,0.3816354030211907,0.07003251466672272,0.00539975729931347
12142022_cell7_map_EtoE_A_cmFormat.mat,12142022,pscs_demixed,gain_latency,4880,1.6322826590124006e-05,0.389237157240396,0.07112792936962106,0.0052906003340290435
12142022_cell7_map_EtoE_A_cmFormat.mat,12142022,pscs_demixed,full_waveform,4880,1.5911379092499712e-05,0.39616278215928885,0.06923697049899179,0.005463305084894611
12142022_cell7_map_EtoE_A_cmFormat.mat,12142022,pscs,power_only,4880,0.00022969114616237717,0.18769261709670404,0.2300216722377748,0.015308342020541215
12142022_cell7_map_EtoE_A_cmFormat.mat,12142022,pscs,gain_only,4880,0.0001247926505371916,0.18744189292912058,0.17520000027512792,0.012192183543628226
12142022_cell7_map_EtoE_A_cmFormat.mat,12142022,pscs,gain_latency,4880,0.0001231802245808031,0.19200645778390216,0.17545522220425314,0.012166386880509668
12142022_cell7_map_EtoE_A_cmFormat.mat,12142022,pscs,full_waveform,4880,0.00010399567558842508,0.14251053226144175,0.17119549578004456,0.013755811870541089
12162022_cell1_map_EtoE_A_cmFormat.mat,12162022,pscs_demixed,power_only,6600,4.1888634309868854e-05,0.41619391609124123,0.14435077738173424,0.01135810370409679
12162022_cell1_map_EtoE_A_cmFormat.mat,12162022,pscs_demixed,gain_only,6600,3.480018063917478e-05,0.41619391609124123,0.1293465997818761,0.009734538352888948
12162022_cell1_map_EtoE_A_cmFormat.mat,12162022,pscs_demixed,gain_latency,6600,3.466469570472653e-05,0.4167912675146353,0.13038609248392244,0.009638565333214302
12162022_cell1_map_EtoE_A_cmFormat.mat,12162022,pscs_demixed,full_waveform,6600,3.4326393356031e-05,0.423678204953729,0.12977242779115614,0.010037430029085779
12162022_cell1_map_EtoE_A_cmFormat.mat,12162022,pscs,power_only,6600,8.194122158191541e-05,0.17206895276551526,0.15583929359335932,0.016348960795727972
12162022_cell1_map_EtoE_A_cmFormat.mat,12162022,pscs,gain_only,6600,6.337945172858152e-05,0.17206895276551526,0.13252700668728584,0.014719391462279154
12162022_cell1_map_EtoE_A_cmFormat.mat,12162022,pscs,gain_latency,6600,6.0392324902730093e-05,0.18614859540606996,0.13182944995442805,0.014640858580640882
12162022_cell1_map_EtoE_A_cmFormat.mat,12162022,pscs,full_waveform,6600,5.831255501534802e-05,0.19282010844153155,0.13371145693929568,0.014714010114353334
12192022_cell3_map_EtoE_A_cmFormat.mat,12192022,pscs_demixed,power_only,6762,1.4508863982103663e-05,0.2902042926659564,0.07850596263838076,0.005793649942181388
12192022_cell3_map_EtoE_A_cmFormat.mat,12192022,pscs_demixed,gain_only,6762,1.3839810768323757e-05,0.2902042926659564,0.07703775532131134,0.005650750548552702
12192022_cell3_map_EtoE_A_cmFormat.mat,12192022,pscs_demixed,gain_latency,6762,1.3811741514396337e-05,0.29000011173243917,0.0772221304582494,0.005621109239884625
12192022_cell3_map_EtoE_A_cmFormat.mat,12192022,pscs_demixed,full_waveform,6762,1.3826409894831802e-05,0.29076276684032987,0.07709921414496802,0.005680059507925774
12192022_cell3_map_EtoE_A_cmFormat.mat,12192022,pscs,power_only,6762,0.0001875982407514294,0.195936786994507,0.1881424621075331,0.015840055749040013
12192022_cell3_map_EtoE_A_cmFormat.mat,12192022,pscs,gain_only,6762,0.00011844594980830913,0.19580230013753563,0.14863513836770018,0.013745284054014541
12192022_cell3_map_EtoE_A_cmFormat.mat,12192022,pscs,gain_latency,6762,0.00011764838868735289,0.1981586278287382,0.1498327464739852,0.013688126799400227
12192022_cell3_map_EtoE_A_cmFormat.mat,12192022,pscs,full_waveform,6762,0.0001009635024117595,0.15903639420050789,0.14565451679900795,0.014105679638880816
12192022_cell5_map_EtoE_A_cmFormat.mat,12192022,pscs_demixed,power_only,14700,2.2586723303366857e-05,0.36097054665492645,0.09196752781784978,0.007169132090659765
12192022_cell5_map_EtoE_A_cmFormat.mat,12192022,pscs_demixed,gain_only,14700,1.853546923634794e-05,0.36097054665492645,0.08369177709601129,0.006432787380123416
12192022_cell5_map_EtoE_A_cmFormat.mat,12192022,pscs_demixed,gain_latency,14700,1.837083327623305e-05,0.36192058423950746,0.08406257987844551,0.006401383175014124
12192022_cell5_map_EtoE_A_cmFormat.mat,12192022,pscs_demixed,full_waveform,14700,1.8213027509220518e-05,0.36508917737266505,0.08348319927790664,0.006442689924132383
12192022_cell5_map_EtoE_A_cmFormat.mat,12192022,pscs,power_only,14700,7.712563471431781e-05,0.2025848555480346,0.13055144217890402,0.011995972268356664
12192022_cell5_map_EtoE_A_cmFormat.mat,12192022,pscs,gain_only,14700,5.644465947083199e-05,0.2025848555480346,0.11356639595229401,0.010821729106321475
12192022_cell5_map_EtoE_A_cmFormat.mat,12192022,pscs,gain_latency,14700,5.5145606941650714e-05,0.20817519230839657,0.11362398793726096,0.010755069095325896
12192022_cell5_map_EtoE_A_cmFormat.mat,12192022,pscs,full_waveform,14700,5.358545756601059e-05,0.18956753470448498,0.11626466810629836,0.010877033786136015
12192022_cell6_map_EtoE_A_cmFormat.mat,12192022,pscs_demixed,power_only,8556,6.143875087774131e-05,0.39276355968092946,0.1652786615579187,0.013104397484477098
12192022_cell6_map_EtoE_A_cmFormat.mat,12192022,pscs_demixed,gain_only,8556,4.705001906957364e-05,0.39276355968092946,0.14702821643253594,0.011405703920642777
12192022_cell6_map_EtoE_A_cmFormat.mat,12192022,pscs_demixed,gain_latency,8556,4.674986945531277e-05,0.39345183111048904,0.14931059864096102,0.011288746251797746
12192022_cell6_map_EtoE_A_cmFormat.mat,12192022,pscs_demixed,full_waveform,8556,4.3943739008597714e-05,0.39916113096444134,0.1474770254617592,0.011670383621051909
12192022_cell6_map_EtoE_A_cmFormat.mat,12192022,pscs,power_only,8556,8.708261409991079e-05,0.1515577142722672,0.15537228502695882,0.015508015837330368
12192022_cell6_map_EtoE_A_cmFormat.mat,12192022,pscs,gain_only,8556,7.49765406458294e-05,0.1515577142722672,0.14608770114977027,0.01467285554597949
12192022_cell6_map_EtoE_A_cmFormat.mat,12192022,pscs,gain_latency,8556,7.341400870042945e-05,0.15512598338906072,0.14579889563018256,0.014621153870187562
12192022_cell6_map_EtoE_A_cmFormat.mat,12192022,pscs,full_waveform,8556,7.259250092655406e-05,0.15768219378466694,0.14836337208635317,0.014694341862816478
12192022_cell8_map_EtoE_A_cmFormat.mat,12192022,pscs_demixed,power_only,5777,0.0004679897423650789,0.6348318323446812,0.36234671503625393,0.03609280751849337
12192022_cell8_map_EtoE_A_cmFormat.mat,12192022,pscs_demixed,gain_only,5777,0.00030725258577291823,0.6348318323446812,0.2568875564439182,0.027782887525483142
12192022_cell8_map_EtoE_A_cmFormat.mat,12192022,pscs_demixed,gain_latency,5777,0.0003022295174299568,0.6420361811720272,0.2558462807549284,0.027573853809608136
12192022_cell8_map_EtoE_A_cmFormat.mat,12192022,pscs_demixed,full_waveform,5777,0.00030660937192252626,0.6320970205159457,0.25709065515656204,0.02554350908650173
12192022_cell8_map_EtoE_A_cmFormat.mat,12192022,pscs,power_only,5777,0.004670397601168987,0.5308573305454048,1.0376920251626922,0.08244654669223077
12192022_cell8_map_EtoE_A_cmFormat.mat,12192022,pscs,gain_only,5777,0.0025938212763995804,0.5308573305454047,0.6064622693428972,0.06686433220257625
12192022_cell8_map_EtoE_A_cmFormat.mat,12192022,pscs,gain_latency,5777,0.0024844472953867405,0.547158535046177,0.6079495148703346,0.06547559682892656
12192022_cell8_map_EtoE_A_cmFormat.mat,12192022,pscs,full_waveform,5777,0.0020720905286985645,0.524032101409246,0.5870304880623067,0.06277393246771201
