file,date_proxy,outcome,comparison,mse_gain,rho_gain,integrated_error_gain,peak_error_gain
12142022_cell1_map_EtoE_A_cmFormat.mat,12142022,pscs_demixed,gain_vs_power,7.988647203582094e-07,0.0,0.0021614922873888776,0.0002158654475082145
12142022_cell1_map_EtoE_A_cmFormat.mat,12142022,pscs_demixed,gain_latency_vs_power,8.381945224336488e-07,0.0003134155435734476,0.0019584169848303745,0.0002686501731790367
12142022_cell1_map_EtoE_A_cmFormat.mat,12142022,pscs_demixed,full_vs_power,8.738808234157261e-07,0.002018877526862195,0.002273534476603778,0.00017613147246707365
12142022_cell1_map_EtoE_A_cmFormat.mat,12142022,pscs_demixed,full_vs_gain,7.50161030575167e-08,0.002018877526862195,0.00011204218921490039,-3.973397504114084e-05
12142022_cell1_map_EtoE_A_cmFormat.mat,12142022,pscs_demixed,full_vs_gain_latency,3.568630098207731e-08,0.0017054619832887474,0.0003151174917734034,-9.251870071196305e-05
12142022_cell1_map_EtoE_A_cmFormat.mat,12142022,pscs,gain_vs_power,1.1335245763048163e-06,2.7755575615628914e-17,0.0026884535089155004,0.00021951554386137433
12142022_cell1_map_EtoE_A_cmFormat.mat,12142022,pscs,gain_latency_vs_power,1.3020721434422571e-06,0.0076685079405793555,0.002783817503649963,0.00015209022738986097
12142022_cell1_map_EtoE_A_cmFormat.mat,12142022,pscs,full_vs_power,1.3916859760771407e-06,0.008152280342608759,0.0034052067013558285,0.00014332453851338862
12142022_cell1_map_EtoE_A_cmFormat.mat,12142022,pscs,full_vs_gain,2.581613997723244e-07,0.008152280342608731,0.0007167531924403281,-7.61910053479857e-05
12142022_cell1_map_EtoE_A_cmFormat.mat,12142022,pscs,full_vs_gain_latency,8.961383263488354e-08,0.0004837724020294032,0.0006213891977058655,-8.765688876472347e-06
12142022_cell2_map_EtoE_A_cmFormat.mat,12142022,pscs_demixed,gain_vs_power,3.167071935677777e-06,0.0,0.006219849969912983,0.0006161846253818354
12142022_cell2_map_EtoE_A_cmFormat.mat,12142022,pscs_demixed,gain_latency_vs_power,3.2103608614149394e-06,0.0008465900253515901,0.005537055319666528,0.0006958775329727468
12142022_cell2_map_EtoE_A_cmFormat.mat,12142022,pscs_demixed,full_vs_power,3.5205108776178114e-06,0.004291734507494094,0.006164510885024732,0.0004733119837137135
12142022_cell2_map_EtoE_A_cmFormat.mat,12142022,pscs_demixed,full_vs_gain,3.534389419400342e-07,0.004291734507494094,-5.533908488825068e-05,-0.0001428726416681219
12142022_cell2_map_EtoE_A_cmFormat.mat,12142022,pscs_demixed,full_vs_gain_latency,3.10150016202872e-07,0.0034451444821425037,0.0006274555653582037,-0.0002225655492590333
12142022_cell2_map_EtoE_A_cmFormat.mat,12142022,pscs,gain_vs_power,0.00011648344433434836,-5.381186685027295e-05,0.06602838517147414,0.003058848772503713
12142022_cell2_map_EtoE_A_cmFormat.mat,12142022,pscs,gain_latency_vs_power,0.00011835190492634164,0.0072349886613722325,0.06517614551911782,0.0031620849152106667
12142022_cell2_map_EtoE_A_cmFormat.mat,12142022,pscs,full_vs_power,0.00015678158866000116,0.02615156707308197,0.06829731494914518,0.004065051309387953
12142022_cell2_map_EtoE_A_cmFormat.mat,12142022,pscs,full_vs_gain,4.02981443256528e-05,0.026205378939932245,0.0022689297776710415,0.0010062025368842396
12142022_cell2_map_EtoE_A_cmFormat.mat,12142022,pscs,full_vs_gain_latency,3.8429683733659514e-05,0.01891657841170974,0.003121169430027354,0.0009029663941772861
12142022_cell3_map_EtoE_A_cmFormat.mat,12142022,pscs_demixed,gain_vs_power,1.7128725001341123e-06,0.0,0.0028716583065148127,0.00032645134382845026
12142022_cell3_map_EtoE_A_cmFormat.mat,12142022,pscs_demixed,gain_latency_vs_power,1.8094136332138307e-06,0.0006824241151839883,0.0021581401049489968,0.00039660409224246546
12142022_cell3_map_EtoE_A_cmFormat.mat,12142022,pscs_demixed,full_vs_power,1.8161603416497315e-06,0.0014408759971348273,0.002909662375571498,0.0002656408956765617
12142022_cell3_map_EtoE_A_cmFormat.mat,12142022,pscs_demixed,full_vs_gain,1.0328784151561921e-07,0.0014408759971348273,3.8004069056685186e-05,-6.0810448151888546e-05
12142022_cell3_map_EtoE_A_cmFormat.mat,12142022,pscs_demixed,full_vs_gain_latency,6.746708435900837e-09,0.000758451881950839,0.0007515222706225011,-0.00013096319656590374
12142022_cell3_map_EtoE_A_cmFormat.mat,12142022,pscs,gain_vs_power,6.062247628334e-07,1.3877787807814457e-17,0.00040901776273238877,8.231339705467092e-05
12142022_cell3_map_EtoE_A_cmFormat.mat,12142022,pscs,gain_latency_vs_power,7.079228365139168e-07,0.0013226257482565479,0.0005224660905212286,7.788051308342536e-05
12142022_cell3_map_EtoE_A_cmFormat.mat,12142022,pscs,full_vs_power,8.834339225761051e-07,-0.0035827434166849498,0.0009421502648693236,1.3991195262352818e-06
12142022_cell3_map_EtoE_A_cmFormat.mat,12142022,pscs,full_vs_gain,2.772091597427051e-07,-0.0035827434166849637,0.0005331325021369349,-8.091427752843564e-05
12142022_cell3_map_EtoE_A_cmFormat.mat,12142022,pscs,full_vs_gain_latency,1.7551108606218835e-07,-0.004905369164941498,0.000419684174348095,-7.648139355719008e-05
12142022_cell4_map_EtoE_A_cmFormat.mat,12142022,pscs_demixed,gain_vs_power,3.746594835276441e-06,0.0,0.007361834643465404,0.0006754497576300471
12142022_cell4_map_EtoE_A_cmFormat.mat,12142022,pscs_demixed,gain_latency_vs_power,3.8047428035820502e-06,0.00032980453096015383,0.006881436635131313,0.0007345201628619928
12142022_cell4_map_EtoE_A_cmFormat.mat,12142022,pscs_demixed,full_vs_power,4.195691945666576e-06,0.0016269335722911005,0.0070378774796235055,0.0007180377335292039
12142022_cell4_map_EtoE_A_cmFormat.mat,12142022,pscs_demixed,full_vs_gain,4.490971103901353e-07,0.0016269335722911005,-0.0003239571638418981,4.2587975899156805e-05
12142022_cell4_map_EtoE_A_cmFormat.mat,12142022,pscs_demixed,full_vs_gain_latency,3.9094914208452595e-07,0.0012971290413309466,0.0001564408444921922,-1.6482429332788893e-05
12142022_cell4_map_EtoE_A_cmFormat.mat,12142022,pscs,gain_vs_power,4.5737869084333226e-05,4.8761212837755696e-05,0.0372504240655499,0.002044495530758316
12142022_cell4_map_EtoE_A_cmFormat.mat,12142022,pscs,gain_latency_vs_power,5.0234098145158444e-05,0.015365272193370472,0.03721972685016425,0.0022341689281393275
12142022_cell4_map_EtoE_A_cmFormat.mat,12142022,pscs,full_vs_power,5.6619830843926205e-05,-0.020661492608461174,0.03883598585878151,0.0026299332293869184
12142022_cell4_map_EtoE_A_cmFormat.mat,12142022,pscs,full_vs_gain,1.0881961759592979e-05,-0.02071025382129893,0.0015855617932316046,0.0005854376986286023
12142022_cell4_map_EtoE_A_cmFormat.mat,12142022,pscs,full_vs_gain_latency,6.385732698767761e-06,-0.036026764801831646,0.0016162590086172546,0.00039576430124759095
12142022_cell7_map_EtoE_A_cmFormat.mat,12142022,pscs_demixed,gain_vs_power,8.702367883531983e-06,0.0,0.01981383115967164,0.0016591041893004024
12142022_cell7_map_EtoE_A_cmFormat.mat,12142022,pscs_demixed,gain_latency_vs_power,9.64070633417373e-06,0.007601754219205281,0.0187184164567733,0.0017682611545848286
12142022_cell7_map_EtoE_A_cmFormat.mat,12142022,pscs_demixed,full_vs_power,1.0052153831798023e-05,0.014527379138098151,0.020609375327402576,0.0015955564037192609
12142022_cell7_map_EtoE_A_cmFormat.mat,12142022,pscs_demixed,full_vs_gain,1.34978594826604e-06,0.014527379138098151,0.0007955441677309355,-6.354778558114154e-05
12142022_cell7_map_EtoE_A_cmFormat.mat,12142022,pscs_demixed,full_vs_gain_latency,4.114474976242936e-07,0.00692562491889287,0.0018909588706292751,-0.00017270475086556773
12142022_cell7_map_EtoE_A_cmFormat.mat,12142022,pscs,gain_vs_power,0.00010489849562518558,-0.00025072416758345484,0.054821671962646895,0.003116158476912989
12142022_cell7_map_EtoE_A_cmFormat.mat,12142022,pscs,gain_latency_vs_power,0.00010651092158157408,0.004313840687198117,0.054566450033521674,0.003141955140031547
12142022_cell7_map_EtoE_A_cmFormat.mat,12142022,pscs,full_vs_power,0.0001256954705739521,-0.04518208483526229,0.05882617645773025,0.0015525301500001268
12142022_cell7_map_EtoE_A_cmFormat.mat,12142022,pscs,full_vs_gain,2.0796974948766503e-05,-0.04493136066767883,0.004004504495083355,-0.0015636283269128623
12142022_cell7_map_EtoE_A_cmFormat.mat,12142022,pscs,full_vs_gain_latency,1.9184548992378004e-05,-0.049495925522460404,0.004259726424208576,-0.0015894249900314204
12162022_cell1_map_EtoE_A_cmFormat.mat,12162022,pscs_demixed,gain_vs_power,7.088453670694074e-06,0.0,0.015004177599858143,0.001623565351207841
12162022_cell1_map_EtoE_A_cmFormat.mat,12162022,pscs_demixed,gain_latency_vs_power,7.223938605142321e-06,0.0005973514233940658,0.013964684897811802,0.0017195383708824875
12162022_cell1_map_EtoE_A_cmFormat.mat,12162022,pscs_demixed,full_vs_power,7.562240953837855e-06,0.0074842888624877535,0.014578349590578105,0.0013206736750110103
12162022_cell1_map_EtoE_A_cmFormat.mat,12162022,pscs_demixed,full_vs_gain,4.7378728314378146e-07,0.0074842888624877535,-0.00042582800928003817,-0.00030289167619683074
12162022_cell1_map_EtoE_A_cmFormat.mat,12162022,pscs_demixed,full_vs_gain_latency,3.383023486955346e-07,0.006886937439093688,0.0006136646927663025,-0.00039886469587147727
12162022_cell1_map_EtoE_A_cmFormat.mat,12162022,pscs,gain_vs_power,1.8561769853333887e-05,0.0,0.02331228690607348,0.001629569333448818
12162022_cell1_map_EtoE_A_cmFormat.mat,12162022,pscs,gain_latency_vs_power,2.1548896679185314e-05,0.014079642640554696,0.024009843638931272,0.00170810221508709
12162022_cell1_map_EtoE_A_cmFormat.mat,12162022,pscs,full_vs_power,2.362866656656739e-05,0.020751155676016292,0.02212783665406365,0.0016349506813746386
12162022_cell1_map_EtoE_A_cmFormat.mat,12162022,pscs,full_vs_gain,5.0668967132335015e-06,0.020751155676016292,-0.0011844502520098332,5.3813479258205815e-06
12162022_cell1_map_EtoE_A_cmFormat.mat,12162022,pscs,full_vs_gain_latency,2.079769887382075e-06,0.006671513035461596,-0.0018820069848676235,-7.315153371245144e-05
12192022_cell3_map_EtoE_A_cmFormat.mat,12192022,pscs_demixed,gain_vs_power,6.690532137799061e-07,0.0,0.0014682073170694254,0.00014289939362868622
12192022_cell3_map_EtoE_A_cmFormat.mat,12192022,pscs_demixed,gain_latency_vs_power,6.971224677073267e-07,-0.00020418093351720623,0.0012838321801313668,0.00017254070229676295
12192022_cell3_map_EtoE_A_cmFormat.mat,12192022,pscs_demixed,full_vs_power,6.82454087271861e-07,0.0005584741743734911,0.0014067484934127406,0.00011359043425561433
12192022_cell3_map_EtoE_A_cmFormat.mat,12192022,pscs_demixed,full_vs_gain,1.3400873491954874e-08,0.0005584741743734911,-6.145882365668487e-05,-2.9308959373071895e-05
12192022_cell3_map_EtoE_A_cmFormat.mat,12192022,pscs_demixed,full_vs_gain_latency,-1.4668380435465685e-08,0.0007626551078906973,0.00012291631328137376,-5.8950268041148626e-05
12192022_cell3_map_EtoE_A_cmFormat.mat,12192022,pscs,gain_vs_power,6.915229094312027e-05,-0.00013448685697137197,0.03950732373983293,0.0020947716950254717
12192022_cell3_map_EtoE_A_cmFormat.mat,12192022,pscs,gain_latency_vs_power,6.994985206407651e-05,0.002221840834231187,0.0383097156335479,0.002151928949639786
12192022_cell3_map_EtoE_A_cmFormat.mat,12192022,pscs,full_vs_power,8.66347383396699e-05,-0.03690039279399912,0.04248794530852515,0.001734376110159197
12192022_cell3_map_EtoE_A_cmFormat.mat,12192022,pscs,full_vs_gain,1.7482447396549637e-05,-0.03676590593702775,0.002980621568692221,-0.00036039558486627467
12192022_cell3_map_EtoE_A_cmFormat.mat,12192022,pscs,full_vs_gain_latency,1.6684886275593393e-05,-0.03912223362823031,0.004178229674977246,-0.00041755283948058906
12192022_cell5_map_EtoE_A_cmFormat.mat,12192022,pscs_demixed,gain_vs_power,4.051254067018918e-06,0.0,0.00827575072183849,0.0007363447105363493
12192022_cell5_map_EtoE_A_cmFormat.mat,12192022,pscs_demixed,gain_latency_vs_power,4.215890027133807e-06,0.0009500375845810094,0.007904947939404272,0.0007677489156456413
12192022_cell5_map_EtoE_A_cmFormat.mat,12192022,pscs_demixed,full_vs_power,4.373695794146339e-06,0.004118630717738603,0.008484328539943145,0.000726442166527382
12192022_cell5_map_EtoE_A_cmFormat.mat,12192022,pscs_demixed,full_vs_gain,3.2244172712742164e-07,0.004118630717738603,0.00020857781810465492,-9.902544008967215e-06
12192022_cell5_map_EtoE_A_cmFormat.mat,12192022,pscs_demixed,full_vs_gain_latency,1.5780576701253255e-07,0.0031685931331575934,0.000579380600538873,-4.1306749118259246e-05
12192022_cell5_map_EtoE_A_cmFormat.mat,12192022,pscs,gain_vs_power,2.068097524348582e-05,0.0,0.016985046226610012,0.0011742431620351892
12192022_cell5_map_EtoE_A_cmFormat.mat,12192022,pscs,gain_latency_vs_power,2.1980027772667097e-05,0.005590336760361969,0.01692745424164306,0.0012409031730307683
12192022_cell5_map_EtoE_A_cmFormat.mat,12192022,pscs,full_vs_power,2.354017714830722e-05,-0.013017320843549618,0.01428677407260566,0.0011189384822206487
12192022_cell5_map_EtoE_A_cmFormat.mat,12192022,pscs,full_vs_gain,2.8592019048214015e-06,-0.013017320843549618,-0.0026982721540043525,-5.530467981454054e-05
12192022_cell5_map_EtoE_A_cmFormat.mat,12192022,pscs,full_vs_gain_latency,1.5601493756401246e-06,-0.018607657603911587,-0.0026406801690374015,-0.00012196469081011962
12192022_cell6_map_EtoE_A_cmFormat.mat,12192022,pscs_demixed,gain_vs_power,1.4388731808167672e-05,0.0,0.018250445125382764,0.0016986935638343206
12192022_cell6_map_EtoE_A_cmFormat.mat,12192022,pscs_demixed,gain_latency_vs_power,1.468888142242854e-05,0.0006882714295595727,0.01596806291695768,0.0018156512326793512
12192022_cell6_map_EtoE_A_cmFormat.mat,12192022,pscs_demixed,full_vs_power,1.7495011869143595e-05,0.006397571283511871,0.017801636096159507,0.0014340138634251886
12192022_cell6_map_EtoE_A_cmFormat.mat,12192022,pscs_demixed,full_vs_gain,3.106280060975923e-06,0.006397571283511871,-0.00044880902922325716,-0.00026467970040913204
12192022_cell6_map_EtoE_A_cmFormat.mat,12192022,pscs_demixed,full_vs_gain_latency,2.806130446715055e-06,0.005709299853952299,0.001833573179201825,-0.0003816373692541626
12192022_cell6_map_EtoE_A_cmFormat.mat,12192022,pscs,gain_vs_power,1.2106073454081395e-05,0.0,0.009284583877188557,0.0008351602913508789
12192022_cell6_map_EtoE_A_cmFormat.mat,12192022,pscs,gain_latency_vs_power,1.3668605399481338e-05,0.003568269116793532,0.009573389396776266,0.000886861967142806
12192022_cell6_map_EtoE_A_cmFormat.mat,12192022,pscs,full_vs_power,1.4490113173356732e-05,0.00612447951239975,0.007008912940605655,0.0008136739745138906
12192022_cell6_map_EtoE_A_cmFormat.mat,12192022,pscs,full_vs_gain,2.3840397192753367e-06,0.00612447951239975,-0.002275670936582902,-2.1486316836988317e-05
12192022_cell6_map_EtoE_A_cmFormat.mat,12192022,pscs,full_vs_gain_latency,8.21507773875394e-07,0.0025562103956062177,-0.0025644764561706113,-7.318799262891543e-05
12192022_cell8_map_EtoE_A_cmFormat.mat,12192022,pscs_demixed,gain_vs_power,0.00016073715659216067,0.0,0.10545915859233573,0.008309919993010229
12192022_cell8_map_EtoE_A_cmFormat.mat,12192022,pscs_demixed,gain_latency_vs_power,0.0001657602249351221,0.007204348827345997,0.10650043428132555,0.008518953708885234
12192022_cell8_map_EtoE_A_cmFormat.mat,12192022,pscs_demixed,full_vs_power,0.00016138037044255264,-0.002734811828735473,0.10525605987969189,0.010549298431991642
12192022_cell8_map_EtoE_A_cmFormat.mat,12192022,pscs_demixed,full_vs_gain,6.432138503919714e-07,-0.002734811828735473,-0.0002030987126438455,0.002239378438981414
12192022_cell8_map_EtoE_A_cmFormat.mat,12192022,pscs_demixed,full_vs_gain_latency,-4.379854492569469e-06,-0.00993916065608147,-0.0012443744016336633,0.002030344723106408
12192022_cell8_map_EtoE_A_cmFormat.mat,12192022,pscs,gain_vs_power,0.0020765763247694064,-1.1102230246251565e-16,0.43122975581979506,0.015582214489654522
12192022_cell8_map_EtoE_A_cmFormat.mat,12192022,pscs,gain_latency_vs_power,0.002185950305782246,0.016301204500772104,0.42974251029235766,0.016970949863304205
12192022_cell8_map_EtoE_A_cmFormat.mat,12192022,pscs,full_vs_power,0.0025983070724704222,-0.006825229136158795,0.4506615371003855,0.019672614224518756
12192022_cell8_map_EtoE_A_cmFormat.mat,12192022,pscs,full_vs_gain,0.0005217307477010159,-0.006825229136158684,0.01943178128059042,0.0040903997348642335
12192022_cell8_map_EtoE_A_cmFormat.mat,12192022,pscs,full_vs_gain_latency,0.00041235676668817606,-0.0231264336369309,0.02091902680802782,0.0027016643612145508
